4057,4058,班基,,Bangui,banji,班吉
4058,4059,卢萨卡省,,Lusaka,lusaka,卢萨卡
4059,4060,坎帕拉区,,Kampala,kanpala,坎帕拉
4060,4061,突尼斯,,Tunisia,tunisi,突尼斯
4061,4062,达累斯萨拉姆区,,Dar es Salaam,daleisisalamu,达累斯萨拉姆
4062,4063,摩加迪沙,,Mogadishu,mojiadisha,摩加迪沙
4063,4064,达喀尔,,Dakar,dakaer,达喀尔
4064,4065,弗里敦,,Freetown,fulidun,弗里敦
4065,4066,阿布贾,,Abuja,abujia,阿布贾
4066,4067,尼亚美,,Niamey,niyamei,尼亚美
4067,4068,夸祖鲁-纳塔尔省,,Durban,deban,德班
4068,4069,西开普省,,Cape Town,kaipudun,开普敦
4069,4070,豪登省,,Johannesburg,yuehannisibao,约翰内斯堡
4070,4071,霍马斯区,,Windhoek,wendeheke,温得和克
4071,4072,马普托,,Maputo,maputuo,马普托
4072,4073,拉巴特-萨累-宰穆尔-扎埃尔大区,,Rabat,labate,拉巴特
4073,4074,基加利,,Kigali,jijiali,基加利
4074,4075,蒙特塞拉多县,,Monrovia,mengluoweiya,蒙罗维亚
4075,4076,内罗毕国家公园,,Nairobi,neiluobi,内罗毕
4076,4077,滨海省,,Mombasa,mengbasa,蒙巴萨
4077,4078,大科摩罗岛,,Moroni,moluoni,莫罗尼
4078,4079,布埃亚,,Buea,buaiya,布埃亚
4079,4080,布拉瓦约,,Bulawayo,bulawayue,布拉瓦约
4080,4081,大阿克拉地区,,Accra,akela,阿克拉
4081,4082,河口省,,Libreville,liboweier,利伯维尔
4082,4083,布拉扎维,,Brazzaville,bulazhawei,布拉柴维尔
4083,4084,巴塔,,Bata,bata,巴塔
4084,4085,布琼布拉,,Bujumbura,buqiongbula,布琼布拉
4085,4086,罗安达省,,Luanda,luoanda,罗安达
4086,4087,亚历山大,,Alexander,yalishanda,亚历山大
4087,4088,开罗,,Cairo,kailuo,开罗
4088,4089,阿尔及尔省,,Algiers,aerjier,阿尔及尔
4089,4090,伯明翰,,Birmingham,bominghan,伯明翰
4090,4091,南安普顿,,Southampton,annanpudun,南安普敦
4091,4092,布里斯托尔,,Bristol,bulisituoer,布里斯托尔
4092,4093,贝尔法斯特,,Belfast,beierfasite,贝尔法斯特
4093,4094,利兹,,Leeds,lizi,利兹
4094,4095,爱丁堡,,Edinburgh,aidingbao,爱丁堡
4095,4096,格拉斯哥,,Glasgow,gelasige,格拉斯哥
4096,4097,利物浦,,Liverpool,liwupu,利物浦
4097,4098,曼彻斯特,,Manchester,manchesite,曼彻斯特
4098,4099,伦敦,201010100,London,lundun,伦敦
4099,4100,都灵,,Torino,duling,都灵
4100,4101,佛罗伦萨,,Florence,foluolunsa,佛罗伦萨
4101,4102,比萨,,Pisa,bisa,比萨
4102,4103,威尼斯,,Venice,weinisi,威尼斯
4103,4104,梵蒂冈,,Vatican,fandigang,梵蒂冈
4104,4105,米兰,,Milan,milan,米兰
4105,4106,罗马,,Rome,luoma,罗马
4106,4107,布达佩斯,,Budapest,budapeisi,布达佩斯
4107,4108,阿提卡,,Athens,yadian,雅典
4108,4109,马德里,,Madrid,madeli,马德里
4109,4110,加泰罗尼亚,,Barcelona,basailuona,巴塞罗那
4110,4111,布拉迪斯拉发,,Bratislava,buladisilafa,布拉迪斯拉发
4111,4112,伯恩州,,Bern,boerni,伯尔尼
4112,4113,日内瓦州,,Geneva,rineiwa,日内瓦
4113,4114,苏黎世州,,Zurich,sulishi,苏黎世
4114,4115,哥德堡,,Goteborg,gedebao,哥德堡
4115,4116,斯德哥尔摩,,Stockholm,sidegeermo,斯德哥尔摩
4116,4117,里斯本区,,Lisbon,lisiben,里斯本
4117,4118,奥斯陆,,Oslo,aosilu,奥斯陆
4118,4119,贝尔格莱德,,Belgrade,beiergelaide,贝尔格莱德
4119,4120,蒙特卡洛,,Monte-Carlo,mengdikaluo,蒙特卡洛
4120,4121,布加勒斯特,,Bucharest,bujialesite,布加勒斯特
4121,4122,卢森堡,,Luxembourg,lusenbao,卢森堡
4122,4123,萨格勒布,,Zagreb,sagelebu,萨格勒布
4123,4124,滨海和山区县,,Rijeka,liyeka,里耶卡
4124,4125,布拉格,,Prague,bulage,布拉格
4125,4126,南荷兰省,,Rotterdam,lutedan,鹿特丹
4126,4127,北荷兰省,,Amsterdam,amusitedan,阿姆斯特丹
4127,4128,新地区,,Helsinki,heerxinji,赫尔辛基
4128,4129,上科西嘉,,Bastia,basidiya,巴斯蒂亚
4129,4130,上加龙省,,Toulouse,tuluzi,图卢兹
4130,4131,吉伦特省,,Bordeaux,boerduo,波尔多
4131,4132,尼斯,,Nice,nisi,尼斯
4132,4133,罗讷河口省,,Marseille,masai,马赛
4133,4134,伊夫林省,,Versailles,fanersai,凡尔赛
4134,4135,罗纳省,,Lyon,liang,里昂
4135,4136,巴黎,,Paris,bali,巴黎
4136,4137,北莱茵-威斯特法伦,,Cologne,kelong,科隆
4137,4138,汉堡,,Hamburg,hanbao,汉堡
4138,4139,北莱茵-威斯特法伦,,Dusseldorf,dusaierduofu,杜塞尔多夫
4139,4140,巴登-符滕堡,,Stuttgart,situjiate,斯图加特
4140,4141,巴伐利亚,,Munich,munihei,慕尼黑
4141,4142,北莱茵-威斯特法伦,,Bonn,boen,波恩
4142,4143,柏林,,Berlin,bailin,柏林
4143,4144,法兰克福,,Frankfurt,falankefu,法兰克福
4144,4145,赫尔辛格,,Helsingor,heerxinge,赫尔辛格
4145,4146,首都大区,,Copenhagen,gebenhagen,哥本哈根
4146,4147,马佐夫舍省,,Warsaw,huasha,华沙
4147,4148,东北区,,Akureyri,akuleili,阿克雷里
4148,4149,布鲁塞尔,,Brussels,bulusaier,布鲁塞尔
4149,4150,布尔加斯州,,Burgas,buerjiasi,布尔加斯
4150,4151,布列斯特州,,Brest,buliesite,布列斯特
4151,4152,萨尔茨堡,,Salzburg,saercibao,萨尔茨堡
4152,4153,维也纳,,Vienna,weiyena,维也纳
4153,4154,都柏林地区,,Dublin,doubailin,都柏林
4154,4155,地拉那州,,Tirana,dilana,地拉那
4155,4156,惠灵顿,,Wellington,huilingdun,惠灵顿
4156,4157,奥克兰,,Auckland,aokelan,奥克兰
4157,4158,阿德莱德,,Adelaide,adelaide,阿德莱德
4158,4159,珀斯,,Perth,posi,珀斯
4159,4160,布里斯班,,Brisbane,bulisiban,布里斯班
4160,4161,堪培拉,,Canberra,kanpeila,堪培拉
4161,4162,墨尔本,,Melbourne,moerben,墨尔本
4162,4163,悉尼,,Sydney,xini,悉尼
4163,4164,圣地亚哥首都大区,,Santiago,shengdiyage,圣地亚哥
4164,4165,蒙得维的亚省,,Montevideo,mengdeweideya,蒙得维的亚
4165,4166,加拉加斯,,Caracas,jialajiasi,加拉加斯
4166,4167,巴伦西亚,,Valencia,balunxiya,巴伦西亚
4167,4168,瓜达拉哈拉,,Guadalajara,guadalahala,瓜达拉哈拉
4168,4169,蒙特雷,,Monterrey,mengtelei,蒙特雷
4169,4170,墨西哥城,,Mexico City,moxigecheng,墨西哥城
4170,4171,利马省,,Lima,lima,利马
4171,4172,哈瓦那,,Havana,hawana,哈瓦那
4172,4173,波哥大,,Bogota,bogeda,波哥大
4173,4174,里萨拉尔达省,,Pereira,peileila,佩雷拉
4174,4175,亚美尼亚,,Armenia,yameiniya,亚美尼亚
4175,4176,皮钦查省,,Quito,jiduo,基多
4176,4177,塔里哈省,,Tarija,taliha,塔里哈
4177,4178,库里提巴,,Curitiba,kulitiba,库里奇巴
4178,4179,南里奥格兰德州,,Porto Alegre,aleigeligang,阿雷格里港
4179,4180,圣保罗州,,Sao Paulo,shengbaoluo,圣保罗
4180,4181,里约热内卢州,,Rio De Janeiro,liyuereneilu,里约热内卢
4181,4182,大卡萨布兰卡大区,,Casablanca,kasabulanka,卡萨布兰卡
4182,4183,联邦区,,Brasilia,baxiliya,巴西利亚
4183,4184,亚松森,,Asuncion,yasongsen,亚松森
4184,4185,布宜诺斯艾利斯,,Buenos Aires,buyinuosiailisi,布宜诺斯艾利斯
4185,4186,密尔沃基,,Milwaukee,mierwoji,密尔沃基
4186,4187,奥斯汀,,Austin,aositing,奥斯汀
4187,4188,里士满,401610100,Richmond,lishiman,里士满
4188,4189,印第安纳波利斯,,Indianapolis,yindiannabolisi,印第安纳波利斯
4189,4190,菲尼克斯,,Phoenix,feinikesi,菲尼克斯
4190,4191,克里夫兰,,Cleveland,kelifulan,克利夫兰
4191,4192,奥兰多,,Orlando,aolanduo,奥兰多
4192,4193,哥伦布(俄亥俄州),,Columbus,gelunbu,哥伦布(俄亥俄州)
4193,4194,坦帕,,Tampa,tanpa,坦帕
4194,4195,堪萨斯城,,Kansas,kansasicheng,堪萨斯城
4195,4196,加利福尼亚（加州）,,SanJose,shenghesai,圣何塞
4196,4197,巴尔的摩,,Baltimore,baerdemo,巴尔的摩
4197,4198,辛辛那提,,Cincinnati,xinxinnati,辛辛那提
4198,4199,圣迭戈,,SanDiego,shengdiege,圣迭戈
4199,4200,明尼阿波利斯,,Minneapolis,mingniaboluolisi,明尼阿波利斯
4200,4201,达拉斯,,Dallas,dalasi,达拉斯
4201,4202,芝加哥,,Chicago,zhijiage,芝加哥
4202,4203,大西洋城,,Atlantic City,daxiyangcheng,大西洋城
4203,4204,纽约,,New York,niuyue,纽约
4204,4205,拉斯维加斯,,Las Vegas,lasiweijiasi,拉斯维加斯
4205,4206,底特律,,Detroit,ditelv,底特律
4206,4207,亚特兰大,,Atlanta,yatelanda,亚特兰大
4207,4208,波士顿,,Boston,boshidun,波士顿
4208,4209,丹佛,,Denver,danfo,丹佛
4209,4210,旧金山,,San Francisco,jiujinshan,旧金山
4210,4211,洛杉矶,,Los Angeles,luoshanji,洛杉矶
4211,4212,西雅图,,Seattle,xiyatu,西雅图
4212,4213,华盛顿,,Washington,huashengdun,华盛顿
4213,4214,迈阿密,401020101,Miami,maiami,迈阿密
4214,4215,休斯敦,,Houston,xiusidun,休斯敦
4215,4216,匹兹堡,,Pittsburgh,pizibao,匹兹堡
4216,4217,费城,,Philadelphia,feicheng,费城
4217,4218,波特兰,,Portland,botelan,波特兰
4218,4219,埃德蒙顿,,Edmonton,aidemengdun,埃德蒙顿
4219,4220,维多利亚,,Victoria,weiduoliya,维多利亚
4220,4221,温哥华,,Vancouver,wengehua,温哥华
4221,4222,卡尔加里,,Calgary,kaerjiali,卡尔加里
4222,4223,班夫,,Banff,banfu,班夫
4223,4224,蒙特利尔,,Montreal,mengtelier,蒙特利尔
4224,4225,多伦多,,Toronto,duolunduo,多伦多
4225,4226,渥太华,,Ottawa,wotaihua,渥太华
4226,4227,河内市,,Hanoi,henei,河内
4227,4228,雅加达,,Jakarta,yajiada,雅加达
4228,4229,加尔各答,,Calcutta,jiaergeda,加尔各答
4229,4230,马哈拉施特拉邦,,Pune,puna,浦那
4230,4231,安德拉邦,,Hyderabad,haidelaba,海德拉巴
4231,4232,泰米尔纳德邦,,Chennai,qinnai,金奈
4232,4233,卡纳塔克邦,,Bangalore,banjialuoer,班加罗尔
4233,4234,孟买,,Bombay,mengmai,孟买
4234,4235,德里,,New Delhi,xindeli,新德里
4235,4236,特拉维夫区,,Tel Aviv,telaweifu,特拉维夫
4236,4237,耶路撒冷区,,Jerusalem,yelusaleng,耶路撒冷
4237,4238,德黑兰省,,Tehran,deheilan,德黑兰
4238,4239,巴格达省,,Baghdad,bageda,巴格达
4239,4240,新加坡,,Singapore,xinjiapo,新加坡
4240,4241,塔什干州,,Tashkent,tashigan,塔什干
4241,4242,伊斯坦布尔,,Istanbul,yisitanbuer,伊斯坦布尔
4242,4243,安卡拉,,Ankara,ankala,安卡拉
4243,4244,曼谷,,Bangkok,mangu,曼谷
4244,4245,科伦坡,,Colombo,kelunpo,科伦坡
4245,4246,兵库县,,Kobe,shenhu,神户
4246,4247,神奈川县,,Yokohama,hengbin,横滨
4247,4248,大阪,,osaka,daban,大阪
4248,4249,东京都,,Tokyo,dongjing,东京
4249,4250,加德满都,,Katmandu,jiademandou,加德满都
4250,4251,仰光,,Rangoon,yangguang,仰光
4251,4252,乌兰巴托,,Ulan Bator,wulanbatuo,乌兰巴托
4252,4253,马六甲,,Malacca,maliujia,马六甲
4253,4254,吉隆坡,,Kuala Lumpur,jilongpo,吉隆坡
4254,4255,贝鲁特省,,Beirut,beilute,贝鲁特
4255,4256,永珍,,Vientiane,yongzhen,万象
4256,4257,金边,,Phnom Penh,jinbian,金边
4257,4258,水原,,Suwon,shuiyuan,水原
4258,4259,仁川,,Incheon,renchuan,仁川
4259,4260,安阳,,Anyang,anyang,安养
4260,4261,釜山,,Busan,fushan,釜山
4261,4262,首尔,102010100,Seoul,shouer,首尔
4262,4263,马尼拉,,Manila,manila,马尼拉
4263,4264,圣彼得堡,,Petersburg,shengbidebao,圣彼得堡
4264,4265,莫斯科,,Moscow,mosike,莫斯科
4265,4266,平壤,,Pyongyang,pingrang,平壤
4266,4267,卡拉奇,,Karachi,kalaqi,卡拉奇
4267,4268,伊斯兰堡,,Islamabad,yisilanbao,伊斯兰堡
4268,4269,赫拉特,,Herat,helate,赫拉特
4269,4270,坎大哈,,Kandahar,kandaha,坎大哈
4270,4272,喀布尔,,Kabul,kabuer,喀布尔
4272,4273,北里约格朗德,,Natal,nataer,纳塔尔
4273,4274,巴伊亚,,Salvador,sawaerduo,萨尔瓦多
4274,4275,库亚巴,,Cuiaba,kuyaba,库亚巴
4275,4276,米纳斯吉拉斯,,Belo Horizonte,beiluoaolizangte,贝洛奥里藏特
4276,4277,塞阿腊,,Fortaleza,futaleisa,福塔莱萨
4277,4278,马拉尼昂州,,Manaus,manaosi,马瑙斯
4278,4279,伯南布哥,,Recife,leixifei,累西腓
4279,227869,巴拉那州,,Curitiba,kelidiba,库里蒂巴
227869,227776,松恩-菲尤拉讷郡,,Leikanger,,莱康厄尔
227776,227619,罗加兰郡,,Stavanger,sitawange,斯塔万格
227619,227420,诺尔兰郡,,Narvik,naerweike,纳尔维克
227420,226730,霍达兰郡,,Bergen,beiergen,卑尔根
226730,226702,伊斯兰堡首都区,,Rawalpindi,,拉瓦尔品第
226702,226458,旁遮普省,,Lahore,,拉合尔
226458,226453,平安北道,,Sinuiju,,新义州
226453,226430,黄海北道,,Kaesong,,开城
226430,226394,咸镜北道,,Chongjin,,清津
226394,223934,慈江道,,Huichon,,熙川
223934,220955,鞑靼斯坦共和国,,Kazan,,喀山
220955,219046,滨海边疆区,,Vladivostok,fuladiwosituoke（haishenwai）,符拉迪沃斯托克(海参崴)
219046,213070,克拉斯诺达尔边疆区,,Vladimir,,弗拉迪米尔
213070,209426,斯维尔德洛夫斯克州,,Yekaterinburg,yekajielinbao,叶卡捷琳堡
209426,208054,圣彼得堡,,St. Petersburg,,圣彼得堡
208054,207958,巴拉望,,Puerto Princesa,,公主港
207958,207887,宿务,,Cebu,,宿雾
207887,207658,薄荷岛,,Tagbilaran,,塔比拉兰
207658,207551,山巴利斯,,Olongapo,,奥隆阿波
207551,207457,班巴加,,Angeles,,安杰利斯
207457,206736,马尼拉,,Pasig,,帕西格
206736,206057,阿克兰,,Kalibo,,卡利博
206057,205590,北伊洛克斯,,Laoag,,佬沃
205590,205465,大邱广域市,,Daegu,daqiuguangyushi,大邱
205465,204813,大田广域市,,Daejeon,datianguangyushi,大田
204813,204659,暹粒省,,Siem Reap,xianli,暹粒
204659,204382,西哈努克市,,Sihanouk,xihanuke,西哈努克
204382,204372,拉普兰区,,Ivalo,yiwaluo,伊瓦洛
204372,204350,拉普兰区,,Rovaniemi,luowaniemi,罗瓦涅米
204350,204246,拉普兰区,,Muonio,,穆奥尼奥
204246,204203,皮尔卡区,,Tampere,tanpeilei,坦佩雷
204203,204164,北萨沃尼亚区,,Kuopio,kuaopiao,库奥皮奥
204164,204114,北卡累利阿区,,Joensuu,yueensu,约恩苏
204114,204109,凯努区,,Kajaani,kayani,卡亚尼
204109,203970,北博滕区,,Kuusamo,kusamo,库萨莫
203970,203948,南卡累利阿区,,Lappeenranta,lapenglanta,拉彭兰塔
203948,203711,派亚特海梅区,,Lahti,lahedi,拉赫蒂
203711,203660,掸邦,,Taunggyi,dongzhi,东枝
203660,203499,仰光省,,Yangon,yangguang,仰光
203499,203371,曼德勒省,,Mandalay,mandele,曼德勒
203371,203370,巴格马蒂专区,,Bhaktapur,baketapuer,巴克塔普尔
203370,203368,巴格马蒂专区,,Kathmandu,jiademandu,加德满都
203368,201812,巴格马蒂专区,,Lalitpur,,勒利德布尔
201812,201230,京都府,,Kyoto,jingdu,京都
201230,201005,福冈县,,Fukuoka,fugang,福冈
201005,200949,北海道,,Sapporo-Shi Chuo-Ku,zhahuangshizhongyangqu,札幌市 中央区
200949,200797,北海道,,Sapporo,zhahuang,札幌
200797,200178,北海道,,,beihaidao,北海道
200178,200139,奈良县,,Nara,nailiang,奈良
200139,200121,冲绳县,,Okinawa,chongsheng,冲绳
200121,200116,南部省,,Galle,jiale,加勒
200116,200077,中央省,,Kandy,kangdi,康堤
200077,199383,北中省,,Anuradhapura,,阿努拉德普勒
199383,198628,班武里府,,Hua Hin,huaxin,华欣
198628,198616,恰纳卡莱,,Canakkale,,恰纳卡莱
198616,198575,埃迪尔内,,Edirne,aidiernei,埃迪尔内
198575,198538,布尔萨,,Bursa,buersa,布尔萨
198538,198434,巴利开息尔,,Balikesir,,巴勒克西尔
198434,198336,泰基尔达,,Tekirdag,,泰基尔达
198336,198304,阿尔特温,,Hopa,,霍帕
198304,198302,卡斯塔莫努,,Kastamonu,,卡斯塔莫努
198302,198279,卡拉布克,,Safranbolu,fanhonghuacheng,番红花城
198279,198261,博卢,,Bolu,,博卢
198261,198241,居米什哈内,,Gümüşhane,,居米什哈
198241,198221,托卡特,,Tokat,,托卡特
198221,198175,特拉布宗,,Trabzon,telabuzong,特拉布宗
198175,198150,未知,,Sinop,,锡诺普
198150,198052,基雷逊,,Giresun,,吉桑
198052,198010,迪亚巴克尔,,Diyarbakir,,迪亚巴克尔
198010,198001,尚利乌尔法,,Sanliurfa,,桑尼乌法
198001,197895,锡尔特,,Siirt,,锡尔特
197895,197893,安塔利亚,,Alanya,alaniya,阿拉尼亚
197893,197886,安塔利亚,,Finike,feinikai,菲尼凯
197886,197840,安塔利亚,,Antalya,antaliya,安塔利亚
197840,197822,阿达纳,,Adana,adana,阿达纳
197822,197805,伊斯帕尔塔,,Isparta,,伊斯帕尔塔
197805,197670,尼代,,Niğde,nidai,尼代
197670,197297,约兹加特,,Yozgat,yuezijiate,约兹加特
197297,197230,开塞利,,Kayseri,kaisaili,开塞利
197230,197219,科尼亚,,Konya,keniya,科尼亚
197219,197166,克尔谢希尔,,Kirsehir,,克尔谢希尔
197166,197145,埃斯基谢希尔,,Eskişehir,aisijixiexier,埃斯基谢希尔
197145,197116,宾格尔,,Bingol,,宾格尔
197116,197065,埃尔津赞,,Erzincan,,埃尔津詹
197065,197026,埃尔祖鲁姆,,Erzurum,aierzulumu,埃尔祖鲁姆
197026,197013,卡尔斯,,Kars,kaersi,卡尔斯
197013,196997,埃拉齐格,,Elazig,,埃拉泽
196997,196931,马拉蒂亚,,Malatya,maladiya,马拉蒂亚
196931,196894,伊兹密尔,,Izmir,,伊兹密尔
196894,196863,乌沙克,,Usak,,乌沙克
196863,196852,代尼兹利,,Denizli,,代尼兹利
196852,196828,穆拉,,Bodrum,bodelumu,博德鲁姆
196828,196573,穆拉,,Dalaman,,达拉曼
196573,196210,撒马尔罕州,,Samarkand,samaerhan,撒马尔罕
196210,196138,弗里斯兰省,,Leeuwarden,laiwadun,莱瓦顿
196138,195768,乌得勒支省,,Utrecht,wudelezhi,乌得勒支
195768,195680,南荷兰省,,The Hague,,海牙
195680,195627,林堡省,,Maastricht,masitelihete,马斯特里赫特
195627,195503,巴士拉省,,Basra,bashila,巴士拉
195503,195438,法尔斯省,,Shiraz,shelazi,设拉子
195438,195428,东亚塞拜疆省,,Tabriz,dabulishi,大不里士
195428,193647,礼萨呼罗珊省,,Mashhad,mashihade,马什哈德
193647,191654,,,,,藏南
191654,191595,日惹特区,,Yogyakarta,rire,日惹
191595,191550,廖内群岛省,,Tanjung Pinang,,丹戎槟榔
191550,188527,东爪哇省,,Surabaya,sishui,泗水
188527,188383,巴厘岛,,Denpasar,dengbasa,登巴萨
188383,188377,育空,,Whitehorse,,白马市
188377,188373,萨斯喀彻温省,,Prince Albert,,艾伯特王子城
188373,188369,萨斯喀彻温省,,Meadow Lake,,梅多莱克
188369,188332,萨斯喀彻温省,,Swift Current,,斯威夫特卡伦特
188332,188329,萨斯喀彻温省,,Estevan,,埃斯特万
188329,188292,萨斯喀彻温省,,Saskatoon,,萨斯卡通
188292,188248,安大略省,,Kenora,,凯诺拉
188248,188243,马尼托巴,,Cartwright,,卡特赖特
188243,188218,马尼托巴,,Thompson,,汤普森
188218,188150,马尼托巴,,Gretna,,格雷特纳
188150,188138,马尼托巴,,Grand Rapids,,大急流城
188138,188130,马尼托巴,,Wawa,,沃瓦
188130,188124,马尼托巴,,Melita,,梅利塔
188124,188079,马尼托巴,,Winnipeg,wennibo,温尼伯
188079,188065,新斯科舍省,,Victoria,,维多利亚
188065,188014,新斯科舍省,,Halifax,halifakesi,哈里法克斯
188014,187984,新斯科舍省,,Sydney,,悉尼
187984,187886,缅因,,Yarmouth,,雅茅斯
187886,187820,艾伯塔,,Red Deer,,红鹿市
187820,187810,新不伦瑞克省,,St. Stephen,,圣斯蒂芬
187810,187717,新不伦瑞克省,,Moncton,,蒙克顿
187717,187679,爱德华王子岛省,,Clyde River,,克莱德里弗
187679,187673,不列颠哥伦比亚省,,Squamish,,斯阔米什
187673,187626,不列颠哥伦比亚省,,Revelstoke,,雷夫尔斯托克
187626,187611,不列颠哥伦比亚省,,Williams Lake,,威廉姆斯湖
187611,187603,不列颠哥伦比亚省,,Penticton,,彭蒂克顿
187603,187602,不列颠哥伦比亚省,,Dawson,,道森
187602,187551,艾伯塔,,Peace River,,皮斯里弗
187551,187538,不列颠哥伦比亚省,,Cranbrook,,克兰布鲁克
187538,187532,不列颠哥伦比亚省,,Comox,,科莫克斯
187532,187477,不列颠哥伦比亚省,,Smithers,,史密瑟斯
187477,187470,不列颠哥伦比亚省,,Port Hardy,,哈迪港
187470,187424,不列颠哥伦比亚省,,Prince George,,乔治王子城
187424,187423,西北地区,,Inuvik,,因纽维克
187423,187407,西北地区,,Yellowknife,huangdaozhen,黄刀镇
187407,187209,魁北克,,Chibougamau,,希布加莫
187209,187184,魁北克,,Sherbrooke,,舍布鲁克
187184,187134,魁北克,,Quebec,,魁北克
187134,187000,纽芬兰,,St. John's,,圣约翰斯
187000,186957,安大略省,,North Bay,,诺斯贝
186957,186939,安大略省,,Perth,,帕斯
186939,186938,安大略省,,Timmins,,蒂明斯
186938,186923,安大略省,,Kapuskasing,,卡普斯卡辛
186923,186769,安大略省,,Thunder Bay,,桑德贝
186769,179823,安大略省,,Sudbury,,萨德伯里
179823,179805,斯普利特-达尔马提亚县,,Split,sipulite,斯普利特
179805,178934,杜布罗夫尼克-内雷特瓦县,,Dubrovnik,dubuluofunike,杜布罗夫尼克
178934,178713,锡比乌县,,Sibiu,xibiwu,锡比乌
178713,178099,多尔日县,,Craiova,kelayuewa,克拉约瓦
178099,177184,图尔恰县,,Tulcea,tuerqia,图尔恰
177184,176493,巴克乌县,,Bacau,,巴克乌
176493,174148,博托沙尼,,Botosani,,博托沙尼
174148,174133,布泽乌县,,Buzau,,布泽乌
174133,174113,拉康达明,,Monaco-Ville,,摩纳哥城
174113,173983,西巴奇卡州,,Sombor,songboer,松博尔
173983,173930,中巴纳特州,,Zrenjanin,zileiniyaning,兹雷尼亚宁
173930,173864,尼沙瓦州,,NIS,xiexinkeer,新谢克尔
173864,173801,普奇尼亚州,,Vranje,,弗拉涅
173801,173793,波莫拉夫列州,,Cuprija,,丘普里亚
173793,173768,科卢巴拉州,,Valjevo,,瓦列沃
173768,173729,拉辛那州,,Krusevac,,克鲁舍瓦茨
173729,173615,亚速尔群岛,,Santa Maria,,圣玛丽亚
173615,173604,马德拉,,Funchal,fengshaer,丰沙尔
173604,173529,亚速尔群岛,,Ponta Delgada,,蓬塔德尔加达
173529,173306,波尔图区,,Porto,boertu,波尔图
173306,173246,帕拉,,Braganca,,布拉干萨
173246,173158,埃武拉区,,Evora,,埃武拉
173158,173122,科英布拉区,,Coimbra,keyingbula,科英布拉
173122,173103,塞图巴尔区,,Sines,,锡尼什
173103,172883,韦姆兰省,,Karlstad,keersitade,卡尔斯塔德
172883,172860,哥得兰省,,Visby,,维斯比
172860,172842,西博滕,,Umea,yumoao,于默奥
172842,172833,北博滕,,Gallivare,,耶利瓦勒
172833,172818,北博滕,,Kiruna,jilvna,基律纳
172818,172744,北博滕,,Lulea,,吕勒奥
172744,172567,耶夫勒堡省,,Gavle,,耶夫勒
172567,172560,东约特兰省,,Norrkoping,beixueping,北雪平
172560,172290,东约特兰省,,Linkoping,linxueping,林雪平
172290,172264,斯科讷,,Helsingborg,heerxinbao,赫尔辛堡
172264,171533,斯科讷,,Malmo,maermo,马尔默
171533,171033,巴塞尔城市州,,Basel,basaier,巴塞尔
171033,170826,伯恩州,,Interlaken,yintelaken,因特拉肯
170826,170772,瓦莱州,,Zermatt,caiermate,采尔马特
170772,170706,乌里州,,Altdorf,,阿尔特多夫
170706,170490,圣加仑州,,St. Gallen,,圣加仑
170490,170453,格劳宾登州,,Chur,kuer,库尔
170453,170437,格劳宾登州,,Poschiavo,,波斯基亚沃
170437,170431,格劳宾登州,,Davos,dawosi,达沃斯
170431,170337,格劳宾登州,,Samedan,,萨梅丹
170337,170242,沃州,,Montreux,mengtele,蒙特勒
170242,169715,沃州,,Lausanne,luosang,洛桑
169715,169577,提契诺州,,Lugano,lujianuo,卢加诺
169577,169515,提契诺州,,Locarno,luojianuo,洛迦诺
169515,169375,沙夫豪森州,,Schaffhausen,shafuhaosen,沙夫豪森
169375,169162,纳沙泰尔州,,Neuchatel,,纳沙泰尔
169162,167977,普列索夫州,,Poprad,bopulade,波普拉德
167977,167026,西屋达,,Ceuta,xiuda,休达
167026,166793,巴伦西亚,,Alicante,alikante,阿利坎特
166793,166033,埃斯特雷马杜拉,,Mérida,meilida,梅里达
166033,164496,卡斯蒂利亚-里昂,,Salamanca,salamanka,萨拉曼卡
164496,163896,卡斯蒂利亚-里昂,,Valladolid,baliyaduolide,巴利亚多利德
163896,162184,巴斯克区,,Bilbao,bierbae,毕尔巴鄂
162184,161091,卡斯蒂利亚-拉曼查,,Albacete,,阿尔巴塞特
161091,160752,巴伦西亚,,Valencia,,巴伦西亚
160752,160642,安达卢西亚,,Cordoba,,科尔多瓦
160642,160429,安达卢西亚,,Sevilla,,塞维利亚
160429,160260,安达卢西亚,,Almeria,,阿尔梅里亚
160260,160076,安达卢西亚,,North Granada,gelanada,北格拉纳达
160076,160041,安达卢西亚,,Málaga,malajia,马拉加
160041,159927,西希腊,,Patras,,帕特雷
159927,159859,南爱琴,,Rhodes,,罗兹
159859,159777,伯罗奔尼撒,,Tripoli,,特里波利
159777,159667,色萨利,,Larissa,,拉里萨
159667,159211,中马其顿,,Thessaloniki,,塞萨罗尼基
159211,158476,阿提卡,,Salamis,,萨拉米斯
158476,158311,米什科尔茨,,Miskolc,mishenkeerci,米什科尔茨
158311,157255,瑙吉考尼饶,,Nagykanizsa,,瑙吉考尼饶
157255,156885,佩斯州,,Cegléd,,采格莱德
156885,156799,德布勒森,,Debrecen,debulesen,德布勒森
156799,154257,塞格德,,Szeged,saigede,塞格德
154257,154046,圣大非省,,Rosario,luosaliao,罗萨里奥
154046,153733,科尔多瓦省,,Cordoba,,科尔多瓦
153733,153027,火地岛省,,Ushuaia,wusihuaiya,乌斯怀亚
153027,151553,布宜诺斯艾利斯省,,La Plata,lapulata,拉普拉塔
151553,151336,比奥比奥大区,,Concepcion,,康塞普西翁
151336,151113,坎帕尼亚,,Capri,,卡普里
151113,150913,西西里岛,,Palermo,,巴勒莫
150913,150482,西西里岛,,Messina,moxina,墨西拿
150482,148787,皮埃蒙特,,Turin,duling,都灵
148787,148774,特伦蒂诺-上阿迪杰,,Trento,teluntuo,特伦托
148774,147919,弗留利-威尼斯朱利亚,,Trieste,diliyasite,的里雅斯特
147919,147723,伦巴第,,Bergamo,beierjiamo,贝尔加莫
147723,145526,伦巴第,,Pizza,,比萨
145526,145465,阿布鲁佐,,,,
145465,145200,阿布鲁佐,,Pescara,,佩斯卡拉
145200,144645,普利亚,,Brindisi,,布林迪西
144645,144273,艾米利亚-罗马涅,,Cervia,,切尔维亚
144273,143651,撒丁岛,,Cagliari,,卡利亚里
143651,143315,威尼托,,Verona,,维罗纳
143315,142570,莫利塞,,Campobasso,,坎波巴索
142570,142292,托斯卡纳,,Grosseto,,格罗塞托
142292,142277,托斯卡纳,,Arezzo,,阿雷佐
142277,141901,比斯克拉省,,Biskra,,比斯克拉
141901,141841,奥兰省,,Oran,,奥兰
141841,141505,特莱姆森省,,Tlemcen,,特莱姆森
141505,141485,安纳巴省,,Annaba,,安纳巴
141485,141481,君士坦丁省,,Constantine,,君士坦丁
141481,141208,提亚雷特省,,Tiaret,,提亚雷特
141208,140878,,,Aberdeen,,阿伯丁
140878,140353,奥克尼群岛,,Kirkwall,,柯克沃尔
140353,140076,,,Lerwick,,勒威克
140076,140026,西部群岛,,Stornoway,,斯托诺韦
140026,139182,,,Campbeltown,,坎贝尔敦
139182,139055,牛津郡,,Oxford,,牛津
139055,139017,温莎-梅登黑德,,Windsor,,温莎
139017,138974,,,Dartford,,达特福德
138974,138741,,,Maidstone,,梅德斯通
138741,138632,大伦敦,,Wandsworth,,旺兹沃思
138632,138492,大伦敦,,Greenwich,,格林威治
138492,137985,大伦敦,,Wembley,,温布利
137985,137920,西约克郡,,Bradford,,布拉德福德
137920,137849,南约克郡,,Sheffield,,谢菲尔德
137849,137687,约克,,Hull,,赫尔
137687,137568,东约克郡,,Bridlington,,布里德灵顿
137568,137451,约克,,York,,约克
137451,137366,,,Hadley,,哈德利
137366,137324,什罗普郡,,Shropshire,,什罗普郡
137324,137051,西米德兰兹郡,,Coventry,,考文垂
137051,137043,,,Weymouth,,韦茅斯
137043,136710,,,Dorchester,,多彻斯特
136710,136610,森麻实郡,,Burnham,,伯纳姆
136610,136440,康沃尔郡,,Camborne,,坎伯恩
136440,136419,诺丁汉,,Nottingham,,诺丁汉
136419,136176,林肯郡,,Waddington,,沃丁顿
136176,135431,莱斯特,,Leicester,,莱斯特
135431,134892,默西赛德郡,,Hoylake and Meols,,
134892,134701,,,Chelmsford,,切尔姆斯福德
134701,134480,剑桥郡,,Cambridge,,
134480,133591,加的夫,,Cardiff,,加的夫
133591,133277,南约克郡,,Wales,,威尔士
133277,133070,科恰班巴省,,Cochabamba,keqiabanba,科恰班巴
133070,133065,拉巴斯省,,La Paz,labasi,拉巴斯
133065,132711,北比奥科省,,Malabo,malabo,马拉博
132711,132268,瓜亚斯省,,Guayaquil,guayajier,瓜亚基尔
132268,131511,阿苏艾省,,Cuenca,kunka,昆卡

123064,122629,阿散蒂地区,,Kumasi,kumaxi,库马西
122629,122493,中央省,,Yaounde,yawende,雅温得
122493,121011,北部区,,Garoua,jialua,加鲁阿
121011,120996,格拉玛省,,Bayamo,bayamo,巴亚莫
120996,120945,谢戈德阿维拉省,,San Diego,,圣地亚哥
120945,120935,比那尔德里奥省,,Pinar del Rio,,比那尔德里奥
120935,120768,马坦萨斯省,,Varadero,baladeluo,巴拉德罗
120768,116738,裂谷省,,Nakuru,nakulu,纳库鲁
116738,116374,丹吉尔-得土安大区,,Tangier,,丹吉尔
116374,115964,苏斯-马塞-德拉大区,,Agadir,ajiadier,阿加迪尔
115964,115295,埃龙戈区,,Swakopmund,siwakepumengde,斯瓦科普蒙德
115295,114280,苏利亚州,,Maracaibo,malakaibo,马拉开波
114280,113894,豪登省,,Pretoria,biletuoliya,比勒陀利亚
113894,109725,拉各斯州,,Lagos,lagesi,拉各斯
109725,109672,胡志明市,,Ho Chi Minh City,huzhimingshi,胡志明市
109672,109510,庆和省,,Nha Trang,yazhuang,芽庄
109510,109491,平顺省,,Phan Thiet,panqie,藩切
109491,91250,承天顺化省,,Hue,shunhua,顺化
91250,91021,金贾区,,Jinja,jinjia,津加
91021,89896,,,Ndola,enduola,恩多拉
89896,88879,西澳大利亚,,Fremantle,,弗里曼特尔
88879,88812,昆士兰州,,Cairns,,凯恩斯
88812,88483,东北地区,,Darwin,,达尔文
88483,88274,,,Andorra la Vella,,安道尔城
88274,87929,考那斯县,,Kaunas,kaonasi,考纳斯
87929,87548,克莱佩达县,,Klaipeda,,克莱佩达
87548,87468,维尔纽斯县,,Vilnius,weierniusi,维尔纽斯
87468,87387,里加,,Riga,,里加
87387,87339,利耶帕亚,,Liepaja,,利耶帕亚
87339,87170,陶格夫匹尔斯,,Daugavpils,taogefupiersi,陶格夫匹尔斯
87170,87124,塔尔图县,,Tartu,taertu,塔尔图
87124,86967,萨雷县,,Kuressaare,,库雷萨雷
86967,86693,哈尔尤县,,Tallinn,talin,塔林
86693,86493,基希讷乌,,Chisinau,,基希纳乌
86493,86095,,,Majuro,,马朱罗
86095,86077,坎特伯雷区,,Christchurch,kelaisitecheqi,克赖斯特彻奇
86077,85822,,,Male,,马累
85822,84628,塔那那利佛省,,Antananarivo,tananalifo,塔那那利佛
84628,84601,圣乔治堂区,,Roseau,luosuo,罗索
84601,84462,杜拜,,Dubai,,迪拜
84462,84181,帝力县,,Dili,,帝力
84181,83913,萨那,,Sanaa,sana,萨那
83913,83895,卡约区,,Belmopan,beiermopan,贝尔莫潘
83895,83773,伯利兹区,,Belize City,bolizishi,伯利兹市
83773,83748,蒂罗尔州,,Innsbruck,,茵斯布鲁克
83748,83652,蒂罗尔州,,Ramsau,,拉姆绍
83652,82976,蒂罗尔州,,Kufstein,kufushitaiyin,库夫施泰因
82976,82908,福拉尔贝格州,,Dornbirn,duoenbien,多恩比恩
82908,82844,福拉尔贝格州,,Bregenz,buleigenci,布雷根茨
82844,82617,蒂罗尔州,,Lienz,lienci,利恩茨
82617,81544,施泰尔马克州,,Graz,gelaci,格拉茨
81544,81183,下奥地利州,,Melk,meierke,梅尔克
81183,81054,马那瓜省,,Managua,managua,马那瓜
81054,80309,德梅拉拉-马海卡区,,Georgetown,qiaozhidun,乔治敦
80309,80263,索菲亚,,Sofia,suofeiya,索菲亚
80263,79906,布拉格耶夫格勒州,,Sandanski,,桑丹斯基
79906,79733,国家直辖区,,Dushanbe,dushangbie,杜尚别
79733,79063,汶莱摩拉县,,Bandar Seri Begawan,silibajiawan,斯里巴加湾
79063,79013,埃诺省,,Charleroi,shaleluowa,沙勒罗瓦
79013,78886,那慕尔省,,Namur,namuer,那慕尔
78886,78763,安特卫普省,,Antwerp,,安特卫普
78763,78609,弗拉芒-布拉班特省,,Leuven,luwen,鲁汶
78609,78560,中央区,,Lilongwe,lilonggui,利隆圭
78560,78258,吉布提,,Djibouti,jibuti,吉布提
78258,78224,杰济拉省,,Wad Madani,wademaidani,瓦德迈达尼
78224,78125,喀土穆省,,Khartoum,kamumu,喀土穆
78125,78104,祖省,,Abomey,abomei,阿波美
78104,77982,韦梅省,,Porto Novo,boduonuofu,波多诺伏
77982,77941,滨海省,,Cotonou,ketuonu,科托努
77941,77798,杜布雷卡省,,Conakry,kenakeli,科纳克里
77798,77291,班竹,,Banjul,banzhuer,班珠尔
77291,77004,大马士革农村省,,Damascus,damashige,大马士革
77004,76894,弗朗西斯科-莫拉桑省,,Tegucigalpa,teguxijiaerba,特古西加尔巴
76894,76849,科佩尔,,Koper,kepeier,科佩尔
76849,76814,波斯托伊纳,,Postojna,bosituoyina,波斯托伊纳
76814,76787,布莱德,,Bled,bulaide,布莱德
76787,76727,马里博尔,,Maribor,maliboer,马里博尔
76727,76265,卢布尔雅那,,Ljubljana,lubueryana,卢布尔雅那
76265,76075,西波美拉尼亚省,,Szczecin,shiqieqing,什切青
76075,75929,西波美拉尼亚省,,Koszalin,,科沙林
75929,75895,下西里西亚省,,Wroclaw,fuluociwafu,弗罗茨瓦夫
75895,74835,下西里西亚省,,Legnica,,莱格尼察
74835,74395,大波兰省,,Kalisz,,卡利什
74395,74300,大波兰省,,Leszno,,莱什诺
74300,74263,波德拉谢省,,Suwalki,,苏瓦乌基
74263,73836,波德拉谢省,,Bialystok,biyaweisituoke,比亚韦斯托克
73836,73293,瓦尔米亚-马祖里省,,Ketrzyn,,克特钦
73293,73177,奥波莱省,,Opole,aobolai,奥波莱
73177,72807,西里西亚省,,Katowice,katuoweizi,卡托维兹
72807,72761,马佐夫舍省,,Plock,,普沃茨克
72761,72534,马佐夫舍省,,Siedlce,,谢德尔采
72534,72200,马佐夫舍省,,Pila,,皮拉
72200,71313,小波兰省,,Zakopane,zhakepanei,扎科帕内
71313,70838,圣十字省,,Kielce,,凯尔采
70838,70831,的黎波里,,Tripoli,,的黎波里
70831,70654,班加西,,Benghazi,,班加西
70654,70587,南日德兰郡,,Odense,oudengsai,欧登塞
70587,70531,北日德兰郡,,Aalborg,aoerbao,奥尔堡
70531,70487,中日德兰大区,,Aarhus,,奥胡斯
70487,69058,莫尔兹比港,,Port Moresby,moersibigang,莫尔斯比港
69058,69037,瓦莱塔,,Valletta,walaita,瓦莱塔
69037,68791,帕拉马里博区,,Paramaribo,palamalibo,帕拉马里博
68791,66459,路易港区,,Port Louis,,路易港
66459,65279,莱茵兰-帕拉廷納,,Trier,telier,特里尔
65279,65099,梅克伦堡-前波美拉尼亚,,Goldberg,,戈德堡
65099,64934,梅克伦堡-前波美拉尼亚,,Rostock,luosituoke,罗斯托克
64934,64807,梅克伦堡-前波美拉尼亚,,Greifswald,gelaifusiwaerde,格赖夫斯瓦尔德
64807,64744,巴登-符滕堡,,Mannheim,manhaimu,曼海姆
64744,64414,巴登-符滕堡,,Freudenstadt,fuluoyidengshitate,弗罗伊登施塔特
64414,64123,巴登-符滕堡,,Heidelberg,haidebao,海德堡
64123,64093,巴登-符滕堡,,Feldberg,feierdebeige,费尔德贝格
64093,62589,巴登-符滕堡,,Freiburg,fulaibao,弗莱堡
62589,62552,萨克森,,Chemnitz,kaimunici,开姆尼茨
62552,62381,萨克森,,Marienberg,,马林贝格
62381,62082,萨克森,,Plauen,pulaoen,普劳恩
62082,62043,萨克森,,Leipzig,laibixi,莱比锡
62043,62022,萨克森,,Oschatz,,奥沙茨
62022,62019,萨克森,,Dresden,deleisidun,德累斯顿
62019,61790,汉堡,,Harburg,,哈尔堡
61790,61107,巴伐利亚,,Regensburg,leigensibao,雷根斯堡
61107,61083,巴伐利亚,,Kempten,kenputeng,肯普滕
61083,61007,巴伐利亚,,Oberstdorf,,奥伯斯多夫
61007,60339,巴伐利亚,,Augsburg,aogesibao,奥格斯堡
60339,59337,巴伐利亚,,Straubing,shitelaobin,施特劳宾
59337,58563,巴伐利亚,,Bamberg,banbeige,班贝格
58563,58531,勃兰登堡,,Potsdam,bocitan,波茨坦
58531,57449,勃兰登堡,,Cottbus,ketebusi,科特布斯
57449,57314,图林根,,Altenburg,,阿尔滕
57314,57109,图林根,,Meiningen,maininggen,迈宁根
57109,56569,图林根,,Erfurt,aierfute,埃尔福特
56569,56447,黑森,,Giessen,,吉森
56447,56100,黑森,,Kassel,kasaier,卡塞尔
56100,55770,黑森,,Taunus,,陶努斯
55770,55729,石勒苏益格－荷尔斯泰因,,Itzehoe,,伊策霍
55729,55446,石勒苏益格－荷尔斯泰因,,Schleswig,,石勒苏益格
55446,55183,石勒苏益格－荷尔斯泰因,,Sylt,xuertedao,叙尔特岛
55183,54960,石勒苏益格－荷尔斯泰因,,Helgoland,,赫尔戈兰
54960,54766,石勒苏益格－荷尔斯泰因,,Kiel,jier,基尔
54766,54300,石勒苏益格－荷尔斯泰因,,Fehmarn,,费马恩
54300,54116,下萨克森,,Cuxhaven,kukesigang,库克斯港
54116,54089,不来梅,,Bremerhaven,bulaimeigang,不莱梅港
54089,54057,下萨克森,,Soltau,,索尔陶
54057,53852,不来梅,,Bremen,bulaimei,不来梅
53852,53558,下萨克森,,Norderney,,诺德奈
53558,53479,下萨克森,,Braunlage,,布劳恩拉格
53479,53318,下萨克森,,Emden,,埃姆登
53318,52106,下萨克森,,Wunstorf,,文斯托夫
52106,52077,北莱茵-威斯特法伦,,Warburg,,瓦尔堡
52077,52071,北莱茵-威斯特法伦,,Essen,aisen,埃森
52071,51866,北莱茵-威斯特法伦,,Aachen,yachen,亚琛
51866,51818,萨克森-安哈尔特,,Magdeburg,magedebao,马格德堡
51818,51811,萨克森-安哈尔特,,Wernigerode,,韦尼格罗德
51811,51771,萨克森-安哈尔特,,Harzgerode,,哈尔茨格罗德
51771,51495,萨克森-安哈尔特,,Genthin,,根廷
51495,51349,萨克森-安哈尔特,,Wittenberg,,维滕贝格
51349,51328,利雅得省,,Riyadh,liyade,利雅得
51328,51190,麦加省,,Mecca,maijia,麦加
51190,51184,,,N'Djamena,,恩贾梅纳
51184,51001,安曼,,Amman,anman,安曼
51001,50580,圣何塞省,,San Jose,shenghesai,圣何塞
50580,47568,圣安德鲁区,,Kingston,,金斯敦
47568,47154,阿肯色州,,Nashville,,纳什维尔
47154,47098,阿肯色州,,Augusta,,奥古斯塔
47098,46984,阿肯色州,,Lincoln,,林肯
46984,46088,阿肯色州,,Concord,,康科德
46088,44884,路易斯安那州,,New Orleans,,新奥尔良
44884,44141,堪萨斯州,,Wichita,,威奇托
44141,40653,华盛顿,,Olympia,,奥林匹亚
40653,40354,得克萨斯州,,Columbus,,哥伦布
40354,39002,得克萨斯州,,San Diego,,圣地亚哥
39002,38877,得克萨斯州,,Charlotte,,夏洛特
38877,36534,得克萨斯州,,Lancaster,,兰开斯特
36534,35769,俄克拉何马州,,Oklahoma City,,俄克拉何马城
35769,35689,佛罗里达州,,Tallahassee,,塔拉哈西
35689,30328,佛罗里达州,,West Palm Beach,,西棕榈滩
30328,28760,亚拉巴马州,,Providence,,普罗维登斯
28760,26121,伊利诺斯州,,El Paso,,埃尔帕索
26121,25026,加利福尼亚（加州）,,Los Angeles County,,洛杉矶县
25026,23836,犹他州,,Salt Lake City,,盐湖城
23836,17249,怀俄明,,Yellowstone National Park,,黄石公园
17249,7010,新普罗维登斯岛,,Nassau,nasao,拿骚
7010,6714,,,Dnipropetrovsk,,第聂伯彼得罗夫斯克
6714,6605,瓦都兹,,Vaduz,waduzi,瓦杜兹
6605,6518,明斯克,,Minsk,mingsike,明斯克
6518,6105,,,Mozyr,,莫济里
6105,5662,马尔多纳多省,,Punta del Este,aisitejiaocheng,埃斯特角城
5662,5570,罗恰省,,Rocha,,罗恰
5570,4737,科洛尼亚省,,Colonia,keluoniya,科洛尼亚
4737,4447,梅奥郡,,Belmullet,,贝尔马利特
4447,4377,戈尔韦郡,,Galway,gaowei,高威
4377,4348,沃特福德郡,,Waterford,wotefude,沃特福德
4348,271173,韦斯特米斯郡,,Mullingar,,穆林加尔